Workbook

Sheet Ticket
A1: ticket_id | B1: created_at | C1: closed_at | D1: outlet_id | E1: cms_id | F1: same_day | G1: same_hour
A2: isu-sjd-450 | B2: 44428.818 | C2: 44433.531 | D2: out-950 | E2: vew-iuvd-01 | F2: =INT(B2)=INT(C2) -> FALSE | G2: =AND(INT(B2)=INT(C2), HOUR(B2)=HOUR(C2)) -> FALSE
A3: isu-sjd-451 | B3: 44429.441 | C3: 44429.441 | D3: out-951 | E3: vew-iuvd-02 | F3: =INT(B3)=INT(C3) -> TRUE | G3: =AND(INT(B3)=INT(C3), HOUR(B3)=HOUR(C3)) -> TRUE
A4: isu-sjd-452 | B4: 44424.404 | C4: 44425.734 | D4: out-952 | E4: vew-iuvd-03 | F4: =INT(B4)=INT(C4) -> FALSE | G4: =AND(INT(B4)=INT(C4), HOUR(B4)=HOUR(C4)) -> FALSE
A5: isu-sjd-453 | B5: 44424.845 | C5: 44428.07 | D5: out-953 | E5: vew-iuvd-04 | F5: =INT(B5)=INT(C5) -> FALSE | G5: =AND(INT(B5)=INT(C5), HOUR(B5)=HOUR(C5)) -> FALSE
A6: isu-sjd-454 | B6: 44428.613 | C6: 44430.432 | D6: out-954 | E6: vew-iuvd-05 | F6: =INT(B6)=INT(C6) -> FALSE | G6: =AND(INT(B6)=INT(C6), HOUR(B6)=HOUR(C6)) -> FALSE
A7: isu-sjd-455 | B7: 44426.074 | C7: 44426.157 | D7: out-955 | E7: vew-iuvd-06 | F7: =INT(B7)=INT(C7) -> TRUE | G7: =AND(INT(B7)=INT(C7), HOUR(B7)=HOUR(C7)) -> FALSE
A8: isu-sjd-456 | B8: 44428.198 | C8: 44428.198 | D8: out-956 | E8: vew-iuvd-07 | F8: =INT(B8)=INT(C8) -> TRUE | G8: =AND(INT(B8)=INT(C8), HOUR(B8)=HOUR(C8)) -> TRUE
A9: isu-sjd-457 | B9: 44423.661 | C9: 44427.997 | D9: out-957 | E9: vew-iuvd-08 | F9: =INT(B9)=INT(C9) -> FALSE | G9: =AND(INT(B9)=INT(C9), HOUR(B9)=HOUR(C9)) -> FALSE
A10: isu-sjd-458 | B10: 44427.123 | C10: 44431.662 | D10: out-958 | E10: vew-iuvd-09 | F10: =INT(B10)=INT(C10) -> FALSE | G10: =AND(INT(B10)=INT(C10), HOUR(B10)=HOUR(C10)) -> FALSE
A11: isu-sjd-459 | B11: 44433.923 | C11: 44434.048 | D11: out-959 | E11: vew-iuvd-10 | F11: =INT(B11)=INT(C11) -> FALSE | G11: =AND(INT(B11)=INT(C11), HOUR(B11)=HOUR(C11)) -> FALSE
A12: isu-sjd-460 | B12: 44431.7 | C12: 44436.168 | D12: out-960 | E12: vew-iuvd-11 | F12: =INT(B12)=INT(C12) -> FALSE | G12: =AND(INT(B12)=INT(C12), HOUR(B12)=HOUR(C12)) -> FALSE
A13: isu-sjd-461 | B13: 44426.022 | C13: 44427.216 | D13: out-961 | E13: vew-iuvd-12 | F13: =INT(B13)=INT(C13) -> FALSE | G13: =AND(INT(B13)=INT(C13), HOUR(B13)=HOUR(C13)) -> FALSE
... A32: isu-sjd-480 | B32: 44427.061 | C32: 44430.655 | D32: out-980 | E32: vew-iuvd-31 | F32: =INT(B32)=INT(C32) -> FALSE | G32: =AND(INT(B32)=INT(C32), HOUR(B32)=HOUR(C32)) -> FALSE

Sheet Feedbacks
A1: cms_id | B1: feedback_at | C1: feedback_rating | D1: ticket_created_at
A2: vew-iuvd-01 | B2: 44432.152 | C2: 1 | D2: =IFERROR(INDEX(Ticket!$B:$B, MATCH($A2, Ticket!$E:$E, 0)), "") -> 44428.818
A3: vew-iuvd-02 | B3: 44429.858 | C3: 2 | D3: =IFERROR(INDEX(Ticket!$B:$B, MATCH($A3, Ticket!$E:$E, 0)), "") -> 44429.441
A4: vew-iuvd-03 | B4: 44429.738 | C4: 2 | D4: =IFERROR(INDEX(Ticket!$B:$B, MATCH($A4, Ticket!$E:$E, 0)), "") -> 44424.404
A5: vew-iuvd-04 | B5: 44430.429 | C5: 5 | D5: =IFERROR(INDEX(Ticket!$B:$B, MATCH($A5, Ticket!$E:$E, 0)), "") -> 44424.845
A6: vew-iuvd-05 | B6: 44434.154 | C6: 5 | D6: =IFERROR(INDEX(Ticket!$B:$B, MATCH($A6, Ticket!$E:$E, 0)), "") -> 44428.613
A7: vew-iuvd-06 | B7: 44426.199 | C7: 1 | D7: =IFERROR(INDEX(Ticket!$B:$B, MATCH($A7, Ticket!$E:$E, 0)), "") -> 44426.074
A8: vew-iuvd-07 | B8: 44433.364 | C8: 5 | D8: =IFERROR(INDEX(Ticket!$B:$B, MATCH($A8, Ticket!$E:$E, 0)), "") -> 44428.198
A9: vew-iuvd-08 | B9: 44424.119 | C9: 5 | D9: =IFERROR(INDEX(Ticket!$B:$B, MATCH($A9, Ticket!$E:$E, 0)), "") -> 44423.661
A10: vew-iuvd-09 | B10: 44431.289 | C10: 4 | D10: =IFERROR(INDEX(Ticket!$B:$B, MATCH($A10, Ticket!$E:$E, 0)), "") -> 44427.123
A11: vew-iuvd-10 | B11: 44434.965 | C11: 3 | D11: =IFERROR(INDEX(Ticket!$B:$B, MATCH($A11, Ticket!$E:$E, 0)), "") -> 44433.923
A12: vew-iuvd-11 | B12: 44433.741 | C12: 3 | D12: =IFERROR(INDEX(Ticket!$B:$B, MATCH($A12, Ticket!$E:$E, 0)), "") -> 44431.7
A13: vew-iuvd-12 | B13: 44427.897 | C13: 2 | D13: =IFERROR(INDEX(Ticket!$B:$B, MATCH($A13, Ticket!$E:$E, 0)), "") -> 44426.022
... A32: vew-iuvd-31 | B32: 44430.52 | C32: 3 | D32: =IFERROR(INDEX(Ticket!$B:$B, MATCH($A32, Ticket!$E:$E, 0)), "") -> 44427.061
